crawled_at,isbn,title,cover,author,publisher,pub_date,price,discount_percent,category_type,category_name,parent_category,page_count,description
,9.79E+12,가공범,https://contents.kyobobook.co.kr/sih/fit-in/458x0/pdt/9791170612759.jpg,히가시노 게이고,북다,2025-07-21,19800,10,국내도서,일본소설,소설,528,"히가시노 게이고 작가 데뷔 40주년! 진실을 찾는 눈, 진심을 향한 걸음 고다이 쓰토무가 시작하는 새로운 시리즈 “이 소재를 작품으로 쓸 날은 오지 않을 거라고 생각했습니다.” - 히가시노 게이고 ‘오늘의 일본을 대표하는 작가’이자 일본 내 ‘단행본 판매 누계 1억 부’ 돌파라는 전대미문의 쾌거를 거둔 히가시노 게이고의 장편소설 『가공범』이 종합 출판 브랜드 북다에서 출간되었다. 1985년 데뷔하여 2025년 작가 데뷔 40주년을 맞이한 그는 『백조와 박쥐』에 한차례 등장한 고다이 쓰토무를 주인공으로 내세움으로써 새로운 시리즈의 시작을 알렸다. 고다이는 예리한 관찰안과 부지런한 발을 지닌 인물로 기존에 작가가 그려 온 천재형 탐정 캐릭터들과는 차이가 있다. 유능함보다는 성실함이 큰 장점인데 긴 시간 묵묵히 미스터리 장르에 헌신해 온 히가시노 게이고와 가장 닮았다. 불에 탄 저택에서 유명 정치인과 전직 배우 부부의 시체가 발견된다. 화려한 삶을 살아온 이들에게 무슨 일이 벌어진 걸까? 두 사람은 무슨 비밀을 끌어안고 있는 것일까? 고다이 형사는 좀처럼 풀리지 않는 사건의 실마리를 풀기 위해 일본 전역을 동분서주 돌아다닌다. 이 과정에서 그가 느낀 사소한 의심이 쌓여 마침내 사건이 품고 있던 엄청난 비밀이 밝혀진다. 천재 캐릭터나 기상천외한 범죄 없이도 여러 번 숨을 멎게 하는 히가시노 게이고의 매력이 더욱 빛을 발하는 작품이다. 『가공범』은 일본 출간 후 이례적으로 빠른 증쇄와 2024년 베스트 미스터리 선정, 2025년 일본미스터리문학 대상 수상, 일본 최대 서점 체인 기노쿠니야·출판 유통사 토한 종합 1위 등의 성과를 거두며 히가시노 매직이 더욱 강력해졌음을 증명해 냈다. 과거의 열정과 현재의 명성에 안주하지 않는, 히가시노 게이고의 작가 인생 40년이 담겼다."
,9.79E+12,혼모노,https://contents.kyobobook.co.kr/sih/fit-in/458x0/pdt/9788936439743.jpg,성해나,창비,2025-03-28,16200,10,국내도서,한국소설,소설,368,"2024·2025 젊은작가상, 2024 이효석문학상 우수작품상 수상작 수록 작품마다 치밀한 취재와 정교한 구성을 바탕으로 한 개성적인 캐릭터와 강렬하고도 서늘한 서사로 평단과 독자의 주목을 고루 받으며 새로운 세대의 리얼리즘을 열어가고 있다 평가받는 작가 성해나가 두번째 소설집 『혼모노』를 선보인다. 성해나는 2024·2025 젊은작가상, 2024 이효석문학상 우수작품상, 2024 김만중문학상 신인상 등 다수의 문학상을 연달아 수상하고 온라인 서점 예스24가 선정한 ‘2024 한국문학의 미래가 될 젊은 작가’ 투표에서 1위로 선정되는 등 이미 그 화제성을 증명한 바 있다. 첫 소설집 『빛을 걷으면 빛』(문학동네 2022)에서 타인을 이해하려는 시도를 부드럽고 따스한 시선으로 담아내고, 첫 장편소설 『두고 온 여름』(창비 2023)에서 오해와 결별로 얼룩진 과거에 애틋한 인사를 건네고자 했던 그가 『혼모노』에 이르러 더욱 예리해진 문제의식과 흡인력 넘치는 서사를 통해 지역, 정치, 세대 등 우리를 가르는 다양한 경계를 들여다보며 세태의 풍경을 선명하게 묘파해낸다. 특히 이번 소설집에는 지난해 끊임없이 호명되며 문단을 휩쓸었다 해도 과언이 아닐 표제작 「혼모노」를 비롯해 작가에게 2년 연속 젊은작가상을 선사해준 「길티 클럽: 호랑이 만지기」, 이 계절의 소설과 올해의 문제소설에 선정된 「스무드」 등이 수록되어 더욱 눈길을 끈다. “작가의 ‘신명’이라 불”릴(추천사, 이기호) 만큼 “질투 나는 재능”(추천사, 박정민)으로 빛나는 『혼모노』, 그토록 기다려왔던 한국문학의 미래가 바로 지금 우리 앞에 도착해 있다."
,9.79E+12,다크 심리학,https://contents.kyobobook.co.kr/sih/fit-in/458x0/pdt/9791198754080.jpg,다크 사이드 프로젝트,어센딩,2025-07-31,19710,10,국내도서,심리학,인문,320,"‘다크 심리학’은 인간 본성의 어두운 면을 탐구하여 타인의 감정을 조종하거나 조작하는 기술을 융합한 것이다. 그런데 최근 들어 수많은 사람이 다크 심리학에 깊은 관심을 보인다. 과연 왜 그럴까? 바로 힘과 지혜, 권력과 지식을 통해 자신의 현재 삶을 바꾸고 싶은 인간의 심리가 기저에 깔려 있기 때문이다. 국내 최초 다크 심리학을 기반한 심리 기술을 담아낸 《다크 심리학》은 인간의 본성, 그 ‘어두운 프로그래밍’을 실전 기술로 해부한 책이다. 이 책에 담긴 ‘다크 심리 기술’은 우리가 실생활에서 타인을 설득(조종)하고, 갈등을 해결(조작)할 수 있는 탁월한 방법들을 정리한 것이다. 이를 통해 누구나 다양한 관계에서 만연한 심리적 조작에서 벗어날 수 있으며, 반대로 나에게 유리하게 이끄는 기술을 배울 수 있다. 사실 ‘다크 심리 기술’은 새로운 지식이 아니다. 인류의 오랜 역사 속에서 계속 반복되어 온 권력 획득과 유지의 법칙을 현대적으로 재해석한 것이다. 그런데 ‘이 기술’을 이미 다른 사람들에게 강력한 무기로 쓰는 사람들이 있다. 그러나 대다수의 사람은 아무것도 모른 채 그냥 조종당하고 있을 뿐이다. 세상의 모든 것은 설계되어 있다. 그런데 당신은 아무 설계도 없이 살아온 것이다. 이 책은 이미 조종당하고 있는 이들을 위한 ‘생존 설명서’와 같다. 이 책을 통해 ‘어둠의 구조’와 전략을 알게 된다면, 더는 ‘당하는 희생자’가 아니다. 더 나아가 필요하다면 ‘어둠의 기술’들을 창의적으로 재구성할 수도 있다. 지금, 당신이 살아남기 위해 가장 먼저 읽어야 할 책. 《다크 심리학》을 꼭 만나기를 바란다."
,9.79E+12,자몽살구클럽,https://contents.kyobobook.co.kr/sih/fit-in/458x0/pdt/9791199305304.jpg,한로로,어센틱,2025-07-25,10800,10,국내도서,한국소설,소설,준비중,"〈자몽살구클럽〉은 싱어송라이터 한로로가 발매할 세 번째 EP 음악 앨범과 연결된 동명의 소설이다. 그는 데뷔 싱글 '입춘'부터 지금까지 사회의 그림자 속에서 살아가는 청춘의 이야기를 음악으로 만들어오고 있다. 이는 한로로 자신이 대한민국 사회 속에서 버둥거리며 살아가는 젊음이기 때문일 것이다. 이상을 꿈꾸는 이상한 자들을 응원하는 '이상비행', 혼란스러운 우리가 서로를 괴롭히는 세태를 고발하는 '집', 다음으로 한로로가 바라본 사회의 단면은 '내몰리는 아이들'이었다. 이 시대는 어른들뿐만 아니라 어린아이들까지 벼랑 끝으로 내몰고 있다는 것, 그 잔인한 현실을 무섭게 직시하는 이야기를 세 번째 음악 앨범으로 한로로는 담고 싶었다. 하지만 약 20분 길이의 음악앨범에 그 모든 이야기를 담을 수는 없었다. 그리하여 한로로는 우리에게 긴 호흡의 소설을 선사하게 된 것이다. 죽고 싶은 네명의 아이들이 비밀 클럽 '자몽살구클럽'에서 만나 서로를 살리기로 한다. 각자의 모진 삶을 견디기 힘들어 모인 '소하', '태수', '유민', '보현'의 에피소드는 생존이라는 목표 아래 처절하게 전개된다. 마치 누군가가 겪어봤을 것만 같은 현실 묘사를 통해 한로로는 우리의 유년 속에 자리 잡은 다양한 아픔을 조명한다. 가장 순수하고 아름답게 보내야 할 아이들의 시절이 현실에 찌든 어른들에 의해 상처받는다. 이 잔인한 시대의 비극을 소설을 통해 목격하는 것만으로 독자들은 나의 잔인함을 경계하고 보다 더 너그러운 어른이 될 계기를 맞이할 것이다."
,9.79E+12,모순,https://contents.kyobobook.co.kr/sih/fit-in/458x0/pdt/9788998441012.jpg,양귀자,쓰다,2013-04-01,11700,10,국내도서,한국소설,소설,307,"양귀자 소설의 힘을 보여준 베스트셀러 『모순』. 1998년에 초판이 출간된 이후 132쇄를 찍으며 여전히 많은 사랑을 받고 있는 작품을, 오래도록 소장할 수 있는 양장본으로 새롭게 선보인다. 스물다섯 살 미혼여성 안진진을 통해 모순으로 가득한 우리의 인생을 들여다본다. 작가 특유의 섬세한 문장들로 여러 인물들의 삶을 생생하게 그려내고 있다. 시장에서 내복을 팔고 있는 억척스런 어머니와 행방불명 상태로 떠돌다 가끔씩 귀가하는 아버지, 조폭의 보스가 인생의 꿈인 남동생을 가족으로 둔 안진진. 어머니와 일란성 쌍둥이인 이모는 부유하지만 지루한 삶에 지쳐 있고, 가난한 어머니는 처리해야 할 불행들이 많아 지루할 틈이 없다. 안진진은 사뭇 다른 어머니와 이모의 삶을 바라보며 모순투성이인 삶을 어떻게 이해해야 하는지 고민하기 시작하는데…."
,9.79E+12,편안함의 습격,https://contents.kyobobook.co.kr/sih/fit-in/458x0/pdt/9791193238691.jpg,마이클 이스터,수오서재,2025-06-24,19800,10,국내도서,인문학일반,인문,444,"오늘날 우리는 그 어느 때보다 편안한 환경에서 살고 있다. 모든 실내는 완벽한 온도 조절 시설을 갖추었고, 배고픔을 느낄 새 없이 주변에 먹을 것이 풍족하며, 현대 의학의 발달로 기대 수명은 늘어났고, 생존을 위협할 만한 도전이 딱히 없다. 그러나 과연 편안함은 건강과 행복한 삶을 가져다주었을까? 행동 변화 전문가이자 건강 분야 저널리스트인 마이클 이스터는 북극 알래스카를 비롯해 부탄, 전쟁 지역, 볼리비아 정글 등을 탐험하고, 각 분야 최고의 석학들과 프로 스포츠 선수, 종교 및 환경 지도자에 이르기까지 수천 명의 전문가를 인터뷰하면서 현대인의 건강과 행복, 의미 있는 삶을 탐구해왔다. 삶을 최적화하는 데 실질적인 도움이 되는 과학적 전략을 찾아온 그는 인류가 잃어버린 감각, ‘불편함’에서 해답을 찾았다. 저자는 직접 극한의 불편함을 체험하기 위해 33일간 알래스카 오지 순록 사냥을 떠나기도 한다. 흥미진진하고 실험적인 알래스카 취재기와 더불어 뇌과학, 정신분석학, 진화심리학, 운동생리학, 인류학 등 다양한 분야의 혁신적인 연구 결과들을 제시하며, 우리 삶에 불편함이 필요한 근거를 설득력 있게 펼친다. 이 책은 ‘편안함이 곧 행복과 충만함으로 이어진다’는 현대의 지배적인 서사에 과감히 도전한다. 인류가 잃어버린 감각, 불편함의 진화적 효용을 탐구하고, 중독, 우울증, 불안, 자살, 비만, 외로움증후군, 번아웃, 삶의 의미 상실 등 현대인들이 당면한 문제가 어떻게 편안함과 연결되는지 심도 있게 분석한다."
,9.79E+12,박곰희 연금 부자 수업,https://contents.kyobobook.co.kr/sih/fit-in/458x0/pdt/9791168342941.jpg,박곰희,인플루엔셜,2025-06-25,18900,10,국내도서,재테크/금융,경제/경영,준비중,"대한민국이 초고령사회에 진입한 지금, 더 충격적인 현실이 드러났다. 서울금융복지상담센터 분석에 따르면 개인파산 신청자의 86%가 50대 이상 중장년층이며, 통계청 자료로는 성인 4명 중 1명이 아예 노후 준비를 포기한 상태다. 준비 없는 노후는 더 이상 남의 일이 아니다. 이런 절망적인 현실 앞에서 베스트셀러 《박곰희 투자법》 출간 5년 만에 돌아온 금융 유튜버 박곰희가 이번엔 연금으로 평생 월급 받는 비밀을 공개한다. 증권사 출신인 저자는 5년간 금융 유튜버로 활동하며 수많은 구독자의 연금 고민을 직접 들어왔다. “투자를 잘 모르는데 연금은 어떻게 준비해야 할까요?”, “3억 원으로 정말 노후 생활이 가능할까요?”, “55세, 연금 준비 늦은 걸까요?”와 같은 절실한 질문들에 대한 현실적이고 구체적인 답변을 《박곰희 연금 부자 수업》에 녹여냈다. 복잡한 투자 지식이나 목돈 없이도 4개의 절세 통장과 검증된 투자 방법만으로 누구나 따라 할 수 있는 연금 부자 로드맵을 완성했다. 이 책의 가장 혁신적인 부분은 은퇴 후 안정적인 자산 인출 전략으로 ‘4% 룰’을 적용했다는 점이다. 저자는 은퇴자금에서 매년 4%씩 인출하면 30년 이상 또는 평생 자금이 고갈되지 않는다는 검증된 방법론을 활용해 원금은 보존하면서 수익으로만 생활하는 ‘마르지 않는 현금흐름’을 만드는 구체적인 방법을 제시한다. 실제로 노벨상을 수여하는 노벨재단도 이와 유사한 원리로 120년간 꾸준히 상금을 지급해오고 있다. 저자는 이 과학적 근거를 바탕으로 연금 자산의 4~6%만 매년 인출하면 평생 사용할 수 있는 전략을 구체화했다. 또한 월 50만 원부터 200만 원까지 개인의 투자 여력에 따른 구체적인 포트폴리오와 납입 전략을 제시하고, 자산 규모별로 실제 현금흐름이 어떻게 만들어지는지 보여준다. 단순히 돈을 모으는 것에 그치지 않고, 연금 개시부터 월배당 중심 포트폴리오 전환, 세금 최적화, 수령 방식 선택까지 연금 수령의 모든 과정을 5단계로 나누어 상세히 안내한다. 저자는 “완벽한 계획을 세우는 것보다 불완전하더라도 우선 시작하는 것이 중요하다”고 강조한다. 30~40대 직장인부터 50대 예비 은퇴자까지, 노후 준비를 시작하고 싶지만 어디서부터 손대야 할지 모르는 투자 초보자들에게 이 책은 가장 현실적이고 검증된 해답을 제시한다."
,9.79E+12,호의에 대하여,https://contents.kyobobook.co.kr/sih/fit-in/458x0/pdt/9791173323027.jpg,문형배,김영사,2025-08-28,16920,10,국내도서,나라별 에세이,시/에세이,408,"나의 일상을 풍요롭게 채우는 건 어떤 의미인가, 다른 사람의 삶을 온전히 이해할 수 있는가, 사람과 사회는 바뀔 수 있는가. 자작나무에서 지리산으로, 도스토옙스키에서 몽테스키외로, 일상에서 재판까지. 호의는 사람을, 세상을 어떻게 바꾸는가. 받은 것을 사회에 되돌려주라던 김장하 선생과의 추억, 법을 몰라 손해 보는 이들을 헤아리는 마음, ‘자살’을 시도했던 재소자가 ‘살자’는 다짐을 하게 만든 선물, 사랑하는 이를 그리워하며 속절없이 흘리는 눈물, 그리고 건강한 법원과 사회를 향한 진심 어린 조언… 더 나은 길에 대한 소박한 상상과 아름다운 이들에 대한 따뜻한 진심. 문형배가 말하는 결코 탄핵할 수 없는 것에 대하여."
,9.79E+12,류수영의 평생 레시피,https://contents.kyobobook.co.kr/sih/fit-in/458x0/pdt/9791194087700.jpg,류수영,세미콜론,2025-06-25,22500,10,국내도서,테마별요리,요리,준비중,"너무 쉬워서 너무 맛있어서 대한민국 밥상을 발칵 뒤집어놓은, 자타공인 집밥 마스터 ‘어남선생’ 류수영. 수년간 자체 개발한 300여 개의 레시피를 추리고 추리고 추려서 한 권의 책으로 펴낸다. 남녀노소 모두의 입맛을 사로잡을 메뉴부터 한껏 분위기를 낼 수 있는 특식까지, 〈편스토랑〉을 비롯해 그동안 방송에서 소개했던 레시피 중에서 가장 사랑받은 79가지 메뉴를 엄선한 것이다. 책으로 만드는 과정에서 다시 한번 재료와 계량 및 소요 시간에 대한 꼼꼼한 점검이 이루어졌으며, 그 결과 좀 더 정교하고 완벽한 레시피로 재탄생했다. 부엌이 좁은 자취생, 끼니 챙기기가 막막한 사회 초년생, 이제 막 결혼한 신혼부부, 아이를 키우는 양육자, 은퇴하신 아버지까지, 남녀노소 불문하고 대한민국 국민이라면 모두의 필독서이다. 류수영이 만드는 음식은 조리법이 복잡하고 어려운 요리가 아니라, 저렴하고 일상적인 재료로 쉽고 간단하지만 깊은 맛을 내는 것이 특징이다. 또한 계량스푼이나 계량컵이 아닌 밥숟가락과 티스푼, 물컵과 소주잔을 이용하고, 후추나 식용유 역시 따로 덜지 않고 용기에서 바로 계량할 수 있도록 하는 등 극강의 간편함을 추구한다. 특히 이번 책에서는 조리도구도 프라이팬, 냄비, 칼 등만 있으면 모든 요리가 가능하며, 그 흔한 오븐이나 에어프라이어 없이 완성할 수 있도록 구성했다. 사소한 부분까지 상세하게 설명하고 있어 요리 초보자들도 쉽게 따라 할 수 있다는 점은 이 책의 가장 큰 매력 중 하나일 것이다. 제육볶음의 양념은 밀폐용기 뚜껑을 닫고 흔들면 잘 버무려진다거나, 닭볶음탕의 감자는 웍 가장자리 쪽에 빙 둘러 넣으면 부서지지 않는다거나, 냄비에 식용유를 넣고 바닥에 물결이 생기면 충분히 예열된 것이라거나, 닭백숙을 끓일 때 닭의 다리 힘줄 옆에 칼집을 내고 반대쪽 다리를 넣어 꼬아준다거나, 다진 마늘은 마지막에 넣어야 향이 훨씬 좋다거나, 카레나 반죽물을 갤 때 포크를 이용하면 잘 섞인다거나 하는 것들이 그것이다. 거의 모든 단계마다 적혀 있는 생생한 팁들은 마치 바로 옆에서 나만을 위해 안내하듯 친절하다. 수년에 걸쳐 거듭한 실패와 성공을 바탕으로 다듬어진 정교한 레시피인 만큼 독자들은 그런 시행착오를 조금이라도 덜 경험하기를 바라는 류수영의 마음이다. 유튜브에서 ‘류수영 레시피’ ‘어남선생 레시피’ 검색어를 입력하면 뜨는 영상의 누적 합산은 무려 3억 뷰가 넘는다. (2025년 5월 기준) 여기에 쇼츠, 그리고 인스타그램 등의 SNS 채널까지 더하면 더 이상 집계가 어려워질 정도인데, 저렴한 비용으로 차리는 푸짐하고 근사한 집밥, 매일 쏟아지는 후기가 보증한다. “요리 왕초보입니다. 덕분에 우리 집 식탁이 풍부해져요.” “어남선생은 그냥 요리 천재다.” “많은 레시피를 따라해봤지만 류수영 레시피만큼 쉽고 맛있는 건 없었어요.” “너무 맛있어서 내가 한 거 맞나 싶었어요.” 실제로 SNS에는 많은 시청자들이 류수영의 레시피를 따라 요리한 후기와 인증샷 혹은 영상이 올라오고, 관련 유튜브 동영상마다 수백 개의 댓글이 달릴 정도로 높은 참여와 호응을 얻고 있다."
,9.79E+12,안녕이라 그랬어,https://contents.kyobobook.co.kr/sih/fit-in/458x0/pdt/9791141602376.jpg,김애란,문학동네,2025-06-20,15120,10,국내도서,한국소설,소설,320,"소설가 김애란이 『바깥은 여름』(문학동네, 2017) 이후 팔 년 만에 새 소설집으로 돌아왔다. “사회적 공간 속을 떠다니는 감정의 입자를 포착하고 그것에 명료한 표현을 부여하는 특유의 능력을 예리하게 발휘한 소설”이라는 평과 함께 2022 김승옥문학상 우수상을 수상한 「홈 파티」와 2022 오영수문학상 수상작인 「좋은 이웃」을 비롯해 총 일곱 편의 단편이 수록된 『안녕이라 그랬어』는 강력한 정서적 호소력과 딜레마적 물음으로 한 세계를 중층적으로 쌓아올리는 특장이 여전히 발휘되는 가운데, 이전보다 조금은 서늘하고 비정해진 김애란을 만날 수 있다. 이번 소설집의 주인공은 ‘공간’이라고도 할 수 있다. “많은 희곡 속 사건은 ‘초대’와 ‘방문’, ‘침입’과 ‘도주’로 시작됐다”(「홈 파티」, 42쪽)라는 소설 속 표현처럼, 이번 책에서는 인물들이 누군가의 공간을 방문하면서 이야기가 펼쳐진다. 그곳은 집주인의 미감과 여유를 짐작하게 하는 우아하고 안정적인 공간이거나(「홈 파티」), 값싼 물가와 저렴한 체류 비용 덕분에 한 달 여행이라는 “생애 처음으로 누리는 사치”를 가능하게 하는 해외의 단독주택이다(「숲속 작은 집」). 또는 정성스레 가꾸고 사용해왔지만 이제는 새 집주인을 위해 이사 준비를 해야 하는 전셋집이거나(「좋은 이웃」), 회사를 관두고 그간 모은 돈을 전부 털어 문을 연 책방이기도 하다(「레몬케이크」). 『안녕이라 그랬어』에서 공간이 중요한 이유는 그곳이 단순히 이야기의 배경으로 기능하는 게 아니라 인물들의 삶 그 자체와 같기 때문이다. 특히 우리 사회에서 ‘방 한 칸’이 가지는 의미를 남다른 통찰력으로 묘사해온 바 있는 김애란에게 어떤 공간은 누군가의 경제적, 사회적 지표를 가늠하게 하는 장소이자 한 사람의 내력이 고스란히 담긴 총체적이고 복합적인 장소이다. 때문에 이번 소설집에서 공간을 둘러싸고 벌어지는 갈등은 서로의 삶의 기준이 맞부딪치는 일이라고 할 수 있다. 다른 사람의 공간으로 들어가는 것은, 달리 말하면 나로 살아온 삶의 테두리를 벗어나는 사건인 것이다. 김애란은 「홈 파티」에서 다음과 같이 질문한다. “한 사람이 다른 사람의 자리에 서보는 건 얼마나 어려운 일인가?”(24쪽) 타인의 공간을 방문하는 일은 다른 사람을 이해하는 확장의 길이 될까, 아니면 서로의 기준을 꺾어 누르는 침입의 길이 될까. 어느 때보다 ‘나’라는 테두리를 벗어나 ‘우리’로 나아가기 어려운 현실 속에서, 눈앞의 풍경과 나와 관계 맺는 사람이 돈으로 치환 가능한 숫자가 되어가는 현실 속에서 김애란의 질문은 더욱 절실하게 다가온다. 그리고 그 질문은 이렇게 바꿔 물을 수 있다. 공통의 포기와 낙담을 경험하고 다시금 새로운 출발선이 펼쳐졌을 때, 과연 그전과 무엇이 달라졌고 무엇이 지켜졌느냐고. 또는 무엇이 달라지고 무엇이 지켜져야만 하느냐고. 그것은 바로 누군가에게 안녕과 평안을 묻는 일이 더없이 간절해진 지금 우리에게 필요한 김애란식의 인사일 것이다."
,9.79E+12,고전이 답했다 마땅히 가져야 할 부에 대하여,https://contents.kyobobook.co.kr/sih/fit-in/458x0/pdt/9791193939314.jpg,고명환,라곰,2025-07-02,16020,10,국내도서,성공/처세,자기계발,280,"노벨문학상 수상작가 한강과 함께 교보문고 출판어워즈 ‘올해의 작가상’을 수상하며 2024년 고전 읽기 열풍을 몰고 온 이 시대 최고의 자기계발 작가. 한 달에 30여 차례 전국의 강연장을 찾아가 독자들을 만나고, 매일 아침 유튜브를 통해 10만 독자들에게 동기부여 강연을 하는 고명환이 『고전이 답했다 마땅히 살아야 할 삶에 대하여』에 이어 이번에는 ‘마땅히 가져야 할 부(富)’에 대해 말한다. 『고전이 답했다 마땅히 가져야 할 부에 대하여』는 많은 사람들의 고민이자 가장 관심 있는 주제 ‘돈’에 관해 말한다. 나는 부자가 될 수 있는지, 얼마만큼 가져야 하는지, 부자가 되려면 무엇을 해야하는지 등 돈과 관련된 질문을 던지고 고전에서 그 답을 찾아간다. 돈과 성공의 상징 『위대한 개츠비』에서 소외된 도시 하층민의 고통을 다룬 『난장이가 쏘아 올린 작은 공』까지, 전 세계 1억부 판매의 저자인자 세일즈맨 엘버트 하버드의 『가르시아 장군에게 보내는 편지』에서 성경 다음으로 읽힌 성공학의 바이블 『생각하라 그리고 부자가 되어라』까지 수백 년의 경험과 지혜가 압축된 고전을 통해 해답을 찾는다. 부의 이치를 깨달으면 누구나 마땅히 가질 수 있다. 저자가 선별한 부록 꼭 알아야 하는 금융용어 ‘부자들의 언어 36개’는 부에 한발 더 가까이 갈 수 있도록 도와줄 것이다."
,9.79E+12,급류,https://contents.kyobobook.co.kr/sih/fit-in/458x0/pdt/9788937473401.jpg,정대건,민음사,2022-12-22,12600,10,국내도서,한국소설,소설,300,"2020년 《한경신춘문예》에 장편소설 『GV 빌런 고태경』이 당선되어 작품 활동을 시작한 소설가 정대건의 두 번째 장편소설 『급류』가 오늘의 젊은 작가 시리즈 40번으로 출간되었다. 『급류』는 저수지와 계곡이 유명한 지방도시 ‘진평’을 배경으로, 열일곱 살 동갑내기인 ‘도담’과 ‘해솔’의 만남과 사랑을 그린 소설이다. 아빠와 함께 수영을 하러 갔던 도담이 한눈에 인상적인 남자아이 ‘해솔’이 물에 빠질 뻔한 것을 구하러 뛰어들며 둘의 인연은 시작된다. 운명적이고 낭만적으로 보이는 첫 만남 이후 둘은 모든 걸 이야기하고 비밀 없는 사이가 되지만, 그 첫사랑이 잔잔한 물처럼 평탄하지만은 않다. 모르는 사이에 디뎌 빠져나올 수 없이 빨려드는 와류처럼 둘의 관계는 우연한 사건으로 다른 국면을 맞이한다. 도담과 해솔의 관계가 연인으로 발전하던 어느 날, 해솔의 엄마와 도담의 아빠가 불륜 관계인 듯한 정황이 드러나고 이에 화가 난 도담은 그 둘이 은밀히 만나기로 한 날 밤 랜턴을 들고 그들의 뒤를 밟는다. 그리고 그곳에서 생각지도 못한 사고가 벌어진다. 그날 이후, 진평에서 오직 서로가 전부이던, 나누지 못할 비밀이 없던 도담과 해솔의 관계와 삶은 순식간에 바뀌어 버린다. 해솔의 엄마와 도담의 아빠는 어떤 관계였던 걸까? 그 날, 그 밤 도담과 해솔은 어떤 일을 겪게 된 걸까?"
,9.79E+12,료의 생각 없는 생각,https://contents.kyobobook.co.kr/sih/fit-in/458x0/pdt/9791170403319.jpg,료,열림원,2025-06-16,18000,10,국내도서,나라별 에세이,시/에세이,360,"‘런던베이글뮤지엄’, ‘아티스트베이커리’, 카페 ‘하이웨스트,’ ‘레이어드’ 등의 감각적 공간 브랜드를 창업하고, 브랜드를 전국의 ‘빵지순례객’들이 찾는 명소로 만든 사람, 료. 그녀가 창조한 공간은 ‘꾸며진 컨셉’이 아닌, 감정이 축적된 풍경이다. 수많은 사람들이 줄 서는 공간을 만든 그녀는 브랜드보다 오래 남는 감각과 마음을 믿는다. 그 믿음은 그녀가 만들어온 시간의 결, 그리고 켜켜이 쌓인 감정의 레이어 속에 고스란히 담겨 있다. 그 다층적인 시간과 감정을 자신만의 언어로 길어 올려, 첫 산문집 『료의 생각 없는 생각』에 담아냈다. 언제나 말보다 시선을 먼저 보내는 그녀의 문장은 조용하지만 단단하다. 장르와 형식에 갇히지 않고, 온전히 ‘나다움’을 지켜내는 그녀의 글은 얼핏 가벼운 일상의 스케치처럼 보이지만, 그 안에는 삶에 대한 깊은 애정, 인간을 향한 다정한 시선, 그리고 자기 자신에 대한 끊임없는 질문이 담겨 있다."
,9.79E+12,소년이 온다,https://contents.kyobobook.co.kr/sih/fit-in/458x0/pdt/9788936434120.jpg,한강,창비,2014-05-19,13500,10,국내도서,한국소설,소설,216,"2014년 만해문학상, 2017년 이탈리아 말라파르테 문학상을 수상하고 전세계 20여개국에 번역 출간되며 세계를 사로잡은 우리 시대의 소설 『소년이 온다』. 이 작품은 『채식주의자』로 인터내셔널 부커상을 수상한 한강 작가에게 “눈을 뗄 수 없는, 보편적이며 깊은 울림”(뉴욕타임즈), “역사와 인간의 본질을 다룬 충격적이고 도발적인 소설”(가디언), “한강을 뛰어넘은 한강의 소설”(문학평론가 신형철)이라는 찬사를 선사한 작품으로, 그간 많은 독자들에게 광주의 상처를 깨우치고 함께 아파하는 문학적인 헌사로 높은 관심과 찬사를 받아왔다. 『소년이 온다』는 ‘상처의 구조에 대한 투시와 천착의 서사’를 통해 한강만이 풀어낼 수 있는 방식으로 1980년 5월을 새롭게 조명하며, 무고한 영혼들의 말을 대신 전하는 듯한 진심 어린 문장들로 5·18 이후를 살고 있는 우리에게 묵직한 질문을 던진다. 이 작품은 가장 한국적인 서사로 세계를 사로잡은 한강 문학의 지향점을 보여준다. 인간의 잔혹함과 위대함을 동시에 증언하는 이 충일한 서사는 이렇듯 시공간의 한계를 넘어 인간 역사의 보편성을 보여주며 훼손되지 말아야 할 인간성을 절박하게 복원한다."
,9.79E+12,스토너,https://contents.kyobobook.co.kr/sih/fit-in/458x0/pdt/9788925554990.jpg,존 윌리엄스,알에이치코리아,2015-01-02,15120,10,국내도서,영미소설,소설,396,"1965년 미국에서 발표된 후 오랜 시간 독자들에게 잊혀졌던 작품이 유럽 출판계와 평론가, 독자들의 열렬한 반응을 이끌어내며 베스트셀러가 되었다. 50년의 시차를 뛰어넘어 미국과 유럽 그리고 전 세계의 마음을 사로잡은 작품, 『스토너』의 이야기다. 농부의 아들로 태어나 문학을 사랑했으며 묵묵히 자신의 길을 가고자 했던 윌리엄 스토너. 세상의 기준에서 실패자와 다른 없는 삶을 산 한 남자의 이야기가 발표된 지 50년이 지난 지금 다시 주목 받은 이유는 무엇일까. 농업을 배우기 위해 대학에 진학해 영문학개론 수업에서 접한 셰익스피어의 일흔세 번째 소네트를 접한 후 문학을 사랑하게 된 스토너는 고향에 돌아가는 대신 대학에 남아 영문학도의 길을 택한다. 사랑하는 여인과 결혼해 가정을 이루고 교수가 되지만 어느 순간 가족과 동료들로부터 고립되어 슬프고 쓸쓸한 삶을 살아간다. 세계대전과 대공황 속에서도 개인적인 불행과 사랑의 실패에 시달리면서도, 갑작스러운 병마와 싸우면서도 그는 일생을 바친 자신의 연구처럼 마지막까지 자기 자신으로 살고자 한다. 자신의 일생을 통해 무언가를 증명하려는 듯 말이다. 언뜻 초라한 실패담에 불과해 보이는 소박한 이야기이지만 작가 존 윌리엄스는 스토너의 삶을 조금 다르게 그려냈다. 특유의 집요하리만치 세밀한 서술로 이 특별할 것 없는 남자의 인생을 진실하고 강렬하게 묘사하며 독자들로 하여금 주인공 스토너에 깊이 공감하게 만들었다. 비록 저자가 그려낸 스토너의 삶은 쓸쓸했지만 우리는 누구나 철저히 혼자라는 인생의 진리를, 사는 모습은 달라도 우리는 누구나 스토너임을, 우리의 일생에 인생의 모든 빛나는 순간이 담겨 있을 수 있음을 깨닫게 해줬다. 바로 이것이 스토너의 삶에 귀 기울이는 이유이자 뜨거운 감동의 근원일 것이다."
,9.79E+12,장미와 나이프,https://contents.kyobobook.co.kr/sih/fit-in/458x0/pdt/9791194930136.jpg,히가시노 게이고,반타,2025-06-16,16200,10,국내도서,일본소설,소설,348,"1985년 《방과 후》로 제31회 에도가와 란포상을 수상하며 작가로서 화려하게 데뷔한 히가시노 게이고. 그의 데뷔 40주년을 기념하여 독자들의 복간 요청이 쇄도했던 숨은 명작 《탐정 클럽》이 《장미와 나이프》라는 새로운 제목과 표지로 반타에서 다시 출간되었다. 이 작품은 히가시노 게이고의 대표적인 초기 문제작으로 그의 추리 세계와 정체성을 구축한 초석이자 현대 추리·미스터리물의 가장 완벽한 바이블이라고 할 수 있다. ‘미스터리의 제왕’이자 명실상부 한국인이 가장 사랑하는 일본소설계의 거장 히가시노 게이고는 《용의자 X의 헌신》, 《나미야 잡화점의 기적》, 〈가가 형사 시리즈〉 등 대형 베스트셀러를 비롯해 오랜 시간 다양한 작품을 통해 우리를 찾아왔다. 그의 이야기는 단순한 소설적 재미를 넘어 다양한 층위의 감정과 철학, 구조적인 정교함을 담아 지적 쾌감과 정서적 울림을 동시에 준다는 점에서 독자적인 의의를 가지고, 그 매력을 여과 없이 선보이며 많은 마니아층을 형성했다. “히가시노 게이고의 진짜 정체성을 엿볼 수 있는 수작”, “장편보다 강렬한 단편”, “처음 읽었을 때보다 두 번 읽었을 때 가치가 더욱 발하는 책” 등의 찬사를 받은 《장미와 나이프》는 히가시노 게이고 월드의 뿌리이자 그의 추리 정체성을 일선에서 설명하는 작품이다. 또한 사회 부유층을 대상으로 운영되는 회원제 조사기관 ‘탐정 클럽’의 추리를 통해 인간의 본능과 죄의식, 의심과 배신, 살의라는 감정을 적나라하고 신랄하게 추적하는, 가히 우리가 기다리던 히가시노 게이고식 추리의 집약체라 할 수 있다. 이 책을 읽은 후 속편화와 시리즈화에 대한 염원을 쏟아냈던 독자에게는 다시 한번 향수를 느끼게 하고, 처음 읽었을 때와 전혀 다른 작품 재해석의 재미를 선사한다. 또한 히가시노 게이고의 소설 혹은 본격 미스터리 장르를 처음 접하게 된 독자에게는 최고의 입문서가 되어 줄 것이다."
,9.79E+12,새로운 질서,https://contents.kyobobook.co.kr/sih/fit-in/458x0/pdt/9791155818442.jpg,헨리 키신저,윌북,2025-08-14,17820,10,국내도서,경제일반,경제/경영,272,"“AI를 인간답게 만들 것인가, 우리가 AI를 닮아갈 것인가?” 인공지능이 물처럼 퍼진 세상에서, 세 거인이 근본적인 화두를 던지는 책이 나왔다. 초인적인 기계 지능에 적응하고 진화하거나, 수동적인 소비자/방관자로 전락하거나, 『새로운 질서』는 기로에 선 인류에게 펼쳐질 다양한 미래 시나리오를 생생하게 그려낸 전략서다. 이 책은 이념보다 현실을 중시하는 레알폴리티크(Realpolitik, 현실정치)의 신봉자이자 20세기 ‘외교의 역사’로 불리는 헨리 키신저의 유작이다. 키신저 박사는 2023년 11월 29일, 100세를 일기로 생을 마감하기 직전까지 중국을 방문해 시진핑 주석과 AI의 위력과 위협에 관하여 논의했다. 산전수전을 다 겪은 정치가이자 이제는 세상사를 내려두고 휴식해도 이상하지 않을 고령이었지만, AI에 대한 입체적 대응을 인류 차원의 중요한 문제로 끝까지 인식했다. 또한 구글 전 CEO이자 미국 싱크탱크 특별경쟁연구프로젝트(SCSP)의 설립자 에릭 슈밋, 마이크로소프트 전 연구 책임자이자 시스템생물학연구소(IBS) 소장 크레이그 먼디가 공저자로 참여해 최신 AI의 기술적 성과와 가능성을 풀어냈다. 저자들은 인간의 뇌와 현실 인식, 정치와 안보는 물론 과학의 지평과 전략까지 AI가 여덟 가지 사유와 활동에 미치는 영향을 심도 있게 고찰한다. 과연 어떤 세상이 펼처질까? 책에서 예견하는 여러 가지 미래는 인류의 입장에서 무엇 하나 호락호락하지 않다. 이를테면 단 하나의 완벽한 지능에 도달하려는 경쟁 속에서 전통적인 견제가 통하지 않는 승자가 절대적인 패권을 휘두른다. 어쩌면 특정 AI 기업이 경제를 넘어 사회적·군사적·정치적 위력을 전부 축적할 수도 있다. 이 모든 위기를 극복하고 AI가 가져올 편익과 위협의 균형을 잡아줄 구체적인 전략들을 이 책에서 살펴보자."
,9.79E+12,주식 투자의 기쁨,https://contents.kyobobook.co.kr/sih/fit-in/458x0/pdt/9791130668895.jpg,후지모토 시게루,다산북스,2025-08-11,17820,10,국내도서,재테크/금융,경제/경영,312,"“저는 주식에 ‘마음·기술·몸’이 모두 필요하다고 생각합니다. ‘마음’은 주가의 움직임에 일희일비하지 않고 그 자리에서 최적의 행동을 취할 수 있는 냉정한 마음입니다. ‘기술’은 ‘지금이다!’라고 생각할 때 매매하는 기술을 뜻합니다. ‘몸’은 건강한 신체와 자금 융통성, 두 가지를 모두 가리킵니다. 이 요소들 중에서 하나만 부족해도 만족스러운 결과는 나오지 않을 것입니다.” 블랙먼데이, 버블 붕괴, 리먼 쇼크, 동일본 대지진, 코로나19 사태 등 숱한 경제 위기를 온몸으로 맞으며 주식 시장에서 버텨내고, 결국엔 자산을 180억 원으로 불린 사람이 있다. 무려 70년간 자신만의 루틴으로 주식 투자를 이어온 일본의 워런 버핏, 후지모토 시게루다. 19세의 나이에 주식 투자를 시작해 89세가 된 지금까지도 그는 매일 새벽 2시에 일어나 경제 뉴스와 미국 주식 시장, 선물 동향 등을 확인하는 현역 트레이더다. 한신·아와지 대지진 때는 맨몸으로 집을 빠져나와 세간 살림을 몽땅 잃은 적도 있고, 버블 붕괴로 인해 어렵게 쌓은 자산의 80%를 한번에 날리기도 했지만, 그는 결국 주식으로 180억 원의 수익을 올리며 수많은 젊은 투자자에게 귀감이 되고 있다. 지금도 여전히 3대의 모니터 앞에 앉아 열띤 트레이딩을 이어가고 있는 시게루는 “주식 투자가 진심으로 즐겁기 때문에 지금까지 투자를 이어오고 있다”고 말한다. 그가 그토록 즐겁게 투자를 이어오고 궁극에는 엄청난 수익률을 기록할 수 있었던 비법을 자신의 책 『주식 투자의 기쁨』에 모두 담아냈다. “가격이 떨어진 주식을 사고, 가격이 오른 주식을 판다. 제가 하고 있는 건 이것이 전부입니다. 이것이 70년 전에도, 지금도, 그리고 100년이 지난 후에도 변하지 않을 투자의 진리니까요.” 이 책 『주식 투자의 기쁨』은 너무나 단순하지만 우리가 간과하는 것들, 시장의 움직임에 현혹되어 잘못된 판단을 내리는 순간들을 되돌아보게 해주고, 예측대로 주가가 움직일 때 느끼는 쾌감과 수익률이 뛰는 즐거움을 잊고 있던 한국의 투자자들에게 살아 있는 교훈과 투자 비법을 아낌없이 전한다."
,9.79E+12,행동은 불안을 이긴다,https://contents.kyobobook.co.kr/sih/fit-in/458x0/pdt/9791193904152.jpg,롭 다이얼,서삼독,2025-04-16,18000,10,국내도서,자기능력계발,자기계발,344,"현재 미국에서 가장 떠오르는 자기계발 멘토이자 동기부여 전문가인 롭 다이얼이 행동하기를 주저하는 이들의 문제점을 분석하고, 이를 타개할 실천적 방법을 제시하기 위해 ≪행동은 불안을 이긴다≫를 펴냈다. 출간 즉시 아마존 4개 분야의 1위를 달성하며 베스트셀러가 된 이 책은 토니 로빈스, 앤드류 후버만, 주언규PD, 드로우앤드류, 기록친구 리니 등 국내외 자기계발 리더들의 극찬을 받았으며, 의지박약과 만성적 미루기에서 벗어나는 하나의 해답, ‘아주 작은 행동 설계법’을 소개한다. 이 책은 아주 작은 행동 설계에 필요한 딱 두 가지의 핵심을 전한다. 존재하지 않는 공포와 불안에 속아 현실에 안주하는 마음을 버릴 것. 그리고 몸이 먼저 움직이는 행동 자동화 패턴을 익힐 것. 책에서 제시하는 방법들을 하나씩 완수하고, 몸으로 익힐 때 비로소 의지박약과 만성적 미루기에서 벗어나 행동하는 인생으로 나아갈 수 있을 것이다. 말만으로는 인생을 바꿀 수 없다. 귀찮음을 이기고 침대 밖으로 한 발을 내딛는 순간 하루가 저절로 시작되듯, 노트북의 전원 버튼을 켜는 순간 오늘의 할 일을 시작하듯, 책의 첫 번째 페이지를 넘기는 순간 독서를 시작하듯, 몸이 먼저 반응하는 1%의 행동 변화가 지금과는 다른 인생을 만들어낼 것이다. 저자가 몸소 증명해낸 ‘행동 자동화 패턴’을 통해 당신의 숨은 잠재력을 폭발시키고, 원하는 목표를 이루는 순간을 맞이하길 바란다."
,9.79E+12,워런 버핏 삶의 원칙,https://contents.kyobobook.co.kr/sih/fit-in/458x0/pdt/9791193262641.jpg,구와바라 데루야,필름(Feelm),2025-07-30,22500,10,국내도서,경영일반,경제/경영,424,"버핏의 삶은 엄격한 원칙 위에서 완성됐다. 투자에서도, 인생에서도 그의 성공을 따르고 싶다면 삶의 방식부터 훔쳐야 한다! “투자의 대가, 워런 버핏의 삶에서 최고의 원칙을 얻다.” 《워런 버핏 삶의 원칙》은 가치투자의 대가이자 수많은 사람들이 선망하는 워런 버핏의 신념과 행동, 그리고 철학이 어떻게 거대한 성공을 만들어냈는지를 보여주는 일종의 일대기다. 6세부터 90세가 넘는 현재에 이르기까지 버핏의 생애를 다섯 시기로 나누고, 각 시기의 결정적 선택과 그 배경이 된 철학을 그의 실제 발언과 함께 기록했다. 또한 그동안 투자법이나 수치로만 주목받았던 버핏의 성공을, 삶과 그의 어록으로 새롭게 조명했다는 점에서 이 책은 더욱 주목을 받고 있다. 이 책에 담긴 말들은 세계 최고 투자자의 명언이지만, 놀랍게도 정작 그 메시지는 ‘돈을 버는 법’이 아니라 ‘삶을 살아가는 태도’에 맞춰져 있다. 버핏은 자신의 원칙을 투자뿐만 아니라, 삶에 있어서도 적용했던 것이었다. “일단 시작하지 않으면 절대 성공할 수 없습니다”, “실패한 방법을 굳이 반복할 필요는 없습니다” 등 버핏의 원칙이 담긴 한 문장 한 문장을 읽어가다 보면 그가 어떤 마음으로 세상을 살아갔는지 뼛속 깊이 느낄 수 있을 것이다. 수십 년간 버핏은 주주 서한과 언론매체를 통해 투자뿐 아니라 삶의 본질에 대해 말해왔다. 이 책은 그 메시지 가운데 마음에 새길 만한 365가지 문장을 엄선해 담았으며, 돈을 다루는 방법부터 인간관계, 시간 관리, 성공과 실패에 대한 통찰까지 삶 전반에 적용할 수 있는 실천적 지혜가 담겨 있다. 또한 각 원칙들에는 버핏의 삶과 연관된 뒷이야기가 있어 평소 버핏을 존경하고 궁금해했던 이들에게도 더욱 반가운 책이 될 것이다."
,9.79E+12,싯다르타,https://contents.kyobobook.co.kr/sih/fit-in/458x0/pdt/9788937460586.jpg,헤르만 헤세,민음사,2002-01-20,7200,10,국내도서,독일소설,소설,240,"“만약 마음속에 있는 모든 욕망과 모든 충동이 침묵한다면, 존재 속에 있는 가장 내밀한 것, 이제 더 이상 자아가 아닌 것, 그 위대한 비밀이 눈뜨게 될 것이었다.” 인도에서 가장 높은 계급인 브라만의 아들 싯다르타는 깨달음을 얻기 위해 아버지의 만류에도 친구 고빈다와 함께 출가한다. 그는 불교를 창시한 석가모니 수하에서 수행할 기회를 얻지만, 부처의 가르침을 통해서가 아니라 스스로 깨달음을 찾아야 한다는 것을 깨닫고는 친구 고빈다를 두고 홀로 길을 떠난다. 이후 싯다르타는 중년이 될 때까지 사랑하는 여인과 부유한 상인을 만나 세속의 욕망을 즐기다가 그에 찌든 자신을 발견하고 모든 것을 버린 채 뱃사공이 된다. 『싯다르타』는 헤세가 거의 일 년 반 동안 창작이 거의 불가능할 정도로 심한 우울증을 앓다가 정신 치료를 받은 후 발표한 작품이다. 동서양의 정신적 유산을 시적으로 승화한 일종의 종교적 성장소설로 볼 수 있는데 영원을 향한 갈망과 인간의 내면을 깊이 파고드는 초월에 대한 의지를 단순하고도 서정적인 문체로 담아냈다. 정형화된 종교 교리와 자족적인 영혼의 성찰 사이의 고뇌를 섬세하게 그리며 자아 발견을 위한 길이 하나로 정해져 있지 않음을 시사하고 철학이나 종교, 그 밖의 모든 신념에 맹목적으로 의지하고자 하는 고정관념에 도전한 작품이다."
,9.79E+12,흔한남매 19,https://contents.kyobobook.co.kr/sih/fit-in/458x0/pdt/9791173473968.jpg,흔한남매,미래엔아이세움,2025-04-18,14220,10,국내도서,어린이만화,어린이(초등),180,"태권도를 배우는 으뜸이와 에이미, 흔식이와의 첫 만남, 씁아저씨 집에 놀러 간 흔한남매, 소파에서 오래 버티기 대결, 흔한 일상 속 공감 포인트, 공포의 학교 안내 방송, 엄마와 우리의 흔한 차이점 등 활기찬 흔한남매의 일상을 통해 스트레스를 날려 보아요! 유튜브 291만 구독 돌파! 인기 크리에이터 흔한남매 ‘흔한남매’는 유튜브 구독자 수가 291만 명, 누적 조회 수가 38억 회를 넘어서는 인기 크리에이터로, 흔한컴퍼니에 소속되어 있습니다. 상황극?콩트 등을 통해 어린이들에게 큰 사랑을 받고 있으며, 주로 남매 사이에서 일어날 수 있는 현실적인 에피소드를 코믹하게 그려 내어 웃음과 공감을 이끌어 내고 있습니다. “흔한남매를 읽고 까르르 웃을 때가 제일 행복한 시간이래요.” ‘유쾌한 우애’와 ‘순수한 웃음’, ‘따뜻한 공감’으로 어린이들의 마음을 사로잡은 No.1 베스트셀러! 《흔한남매》 시리즈는 ‘흔한남매’ 유튜브 영상의 스토리를 앙증맞고 유머러스한 만화로 풀어 낸 코믹북입니다. 하루도 조용할 날이 없는 으뜸이와 에이미의 일상 스토리는 진짜 웃음이 필요한 어린이들에게 유쾌한 우애와 순수한 웃음을 선사할 것입니다."
,9.79E+12,주술회전 30: 앞으로,https://contents.kyobobook.co.kr/sih/fit-in/458x0/pdt/9791142803550.jpg,Gege Akutami,서울미디어코믹스(서울문화사),2025-08-01,5400,10,국내도서,SF/판타지,만화,준비중,"★미니 아크릴 블록 한정판 동시 발행! 특전 1〉 일러스트 카드 2종(초판 한정) 특전 2〉 일러스트 카드(PET) (선착순 한정) 약식판권 : JUJUTSU KAISEN ⓒ2018 by Gege Akutami / SHUEISHA Inc. 영혼의 경계에 술식 ‘해(解)’를 박아넣어 스쿠나를 후시구로와 떼어놓고자, 이타도리는 영역을 전개--그 필중 효과로 스쿠나를 압박한다!! 저주를 둘러싼 싸움에 종지부를 찍을 마지막 비장의 카드는?! 대폭 새로 그린 내용으로 선사하는 최고의 마지막 권!!"
,9.79E+12,최소한의 한국사(20만 부 기념 광복에디션),https://contents.kyobobook.co.kr/sih/fit-in/458x0/pdt/9791198243430.jpg,최태성,프런트페이지,2023-06-21,16200,10,국내도서,한국사,역사/문화,352,"수많은 독자에게 한국사 자신감을 불어넣은 《최소한의 한국사》가 20만 부를 기념하며 광복 80주년 특별판으로 출간된다. 한정판으로 발간된 이번 광복에디션은 전통 채색과 리소그래피를 통해 민화를 현대적으로 그리는 김누리 작가의 작품으로 표지를 꾸몄다. 표지 작품은 아름다운 우리 강산을 배경으로 민족의 상징 꽃인 무궁화와 악귀 쫓는 수호신을 뜻하는 호랑이를 그려내 해방의 기쁨과 새 시대를 향한 희망을 표현했다. 저자 최태성은 광복에디션을 펴내며 광복의 의미와 역사를 배우는 이유에 대해 이렇게 말했다. “광복은 ‘다시, 빛을 찾다’라는 뜻입니다. 1910년 8월 29일 대한민국은 국권을 상실하며 빛을 잃었고, 1945년 8월 15일 다시 빛을 찾았습니다. 35년간의 일제강점기에 살던 많은 사람이 그들 뒤에 오는 사람들은 식민지 백성으로 살지 않게 하겠노라는 꿈을 꾸었어요. 그 꿈을 위해 재산을, 삶을 내놓았습니다. 역사는 이렇듯 오늘날의 우리가 참 많은 사람의 사랑을 받았다는 사실을 일깨웁니다. 광복 80주년, 이제 우리가 그분들을 기억할 시간입니다.” 우리 역사를 제대로 이해하기 위한 최소한의 지식을 담은 《최소한의 한국사》는 2023년 출간 이후 104주 연속 베스트셀러의 자리를 지켰고 예스24 올해의 책, 전국 도서관 사서 추천도서 등에 선정되며 명실상부 최고의 한국사 입문서로 입지를 굳혔다. 광복 80주년을 맞아 우리 역사를 제대로 공부해 보고 싶은 사람, 역사 속에서 가슴 뜨거워지는 감동을 찾고 싶은 사람, 끊이지 않는 역사 논쟁에 올바른 역사가 궁금한 사람이라면 이 책이 최고의 선택이 되어줄 것이다. 감각적인 표지로 보는 맛과 읽는 맛을 두루 갖춘 《최소한의 한국사》‘광복에디션’으로 한국사 자신감을 충전해 보자."
,9.79E+12,구의 증명(리커버판),https://contents.kyobobook.co.kr/sih/fit-in/458x0/pdt/9791167372864.jpg,최진영,은행나무,2023-04-26,10800,10,국내도서,한국소설,소설,192,사랑 후 남겨진 것들에 관한 숭고할 만큼 아름다운 이야기 최진영 소설 《구의 증명》은 사랑하는 연인의 갑작스러운 죽음 이후 겪게 되는 상실과 애도의 과정을 통해 삶의 의미 혹은 죽음의 의미를 되묻는 소설이다. 이 작품에서 최진영은 퇴색하지 않는 사랑의 가치를 전면에 내세우고 아름다운 문장과 감성적이며 애절한 감수성을 통해 젊고 아름다운 남녀의 열정적인 사랑과 냉정한 죽음에 대해 세련된 감성과 탁월한 문체로 담아내고 있다.
,9.79E+12,시한부,https://contents.kyobobook.co.kr/sih/fit-in/458x0/pdt/9791193647646.jpg,백은별,바른북스,2024-01-23,15120,10,국내도서,청소년 소설,청소년,312,"신예 작가 백은별의 성장 소설 『시한부』는 우울과 방황의 경계에 선 사춘기 청소년을 섬세하게 그려낸다. 15살의 시선으로 대한민국 학교 현실 최전방에서 ‘자발적 시한부’를 택하는 학생들의 실태를 폭로하고 있다. 최근 통계에 따르면 대한민국은 11년째 청소년 사망 원인 1위가 자살이라고 한다(여성가족부, 2023 청소년 통계). 그만큼 ‘청소년 우울’, ‘청소년 자살’이란 키워드는 현시대를 살아가고 있는 청소년들에게 떼려야 뗄 수 없는 문제가 되었다. 어른들은 그저 철없는 투정, 지나가는 한낱 감정으로 치부하지만, 실제 청소년들이 느끼는 우울감은 더 깊고 무겁다. 백은별 작가는 같은 10대로서 청소년들이 느끼는 우울과 혼란, 죽음에 관한 고민을 『시한부』 등장인물들의 서사에 반영해 구체화했다. 주인공 수아와 단짝 윤서뿐만 아니라 주변 인물들에게도 각각의 서사를 부여함으로써 ‘우울’, ‘자살’에 관한 다양한 관점을 보여준다. 와디즈 크라우드 펀딩부터 이례적으로 높은 달성률을 자랑한 백은별 작가의 『시한부』는 도서 출간부터 많은 청소년과 보호자의 사랑을 받고 있다. 트라우마 속에서 자발적 시한부가 되기로 선택한 주인공들의 이야기가 죽음을 생각하고 있는 이들에게 위안과 희망의 메시지가 되길 바란다."
,9.79E+12,데일 카네기 인간관계론(50만부 돌파 초판 무삭제 완역본),https://contents.kyobobook.co.kr/sih/fit-in/458x0/pdt/9791187142560.jpg,데일 카네기,현대지성,2019-10-07,10350,10,국내도서,성공/처세,자기계발,352,"사람을 다루는 핵심 원리는 무엇일까? 어떻게 하면 호감 가는 사람이 될 수 있을까? 원하는 것을 얻어내는 가장 효과적인 방법은 무엇일까? 인간관계는 친구를 만들고 적을 만들지 않는 것에서 시작된다. 『데일 카네기 인간관계론』은 이런 인간관계의 핵심을 꿰뚫는다. “친구를 만들고, 사람을 설득하는 법”이라는 제목으로 1936년 출간된 데일 카네기의 책은 세기가 바뀐 지금까지도 전 세계 수많은 사람에게 영향을 끼치고 있다. 이후에 나온 모든 자기계발서가 이 책의 영향을 받았다고 해도 과언이 아니다. 세계적인 투자자 워런 버핏의 인생을 바꾼 책이자, 누구나 꼭 읽어야 할 필독서이기도 하다. 『데일 카네기 인간관계론』은 가장 단순하고 실용적인 원칙들로 복잡한 인간관계에 대한 우리의 고민을 명쾌하게 해결해준다. 이 책은 1936년 출간된 초판을 완역해 원전의 맛을 살렸다. 데일 카네기가 그 당시 무엇을 보고 어떤 생각을 하며 이 책을 썼는지 이해할 수 있게 된 셈이다. 카네기의 생생한 말과 함께 시대를 초월하고 지역을 뛰어넘은 세계적인 베스트셀러를 만나보자."
,9.79E+12,고전이 답했다: 마땅히 살아야 할 삶에 대하여,https://contents.kyobobook.co.kr/sih/fit-in/458x0/pdt/9791193939130.jpg,고명환,라곰,2024-08-26,15120,10,국내도서,자기능력계발,자기계발,준비중,"매일 아침 7만 명이 유튜브 강의를 찾아 듣고, 한 달에 20여 차례 전국의 강연장을 찾아가 독자들을 만나는 이 시대 최고의 강연자. 30만 독자가 기다린 저자 고명환이 지난 10여 년간의 인생 내공이 응축된 책, 『고전이 답했다 마땅히 살아야 할 삶에 대하여』에서 고전(古典)에서 길어 올린 흔들림 없는 삶의 내공을 전한다. 1000일간 매일 외친 ‘아침 긍정 확언’은 매년 찾아오던 우울증을 떨쳐버리기 위해 괴테의 『젊은 베르테르의 슬픔』을 읽다가 발견한 해답이었다. ‘불안감’을 ‘기대감’의 말로 바꾸면 삶의 방향성이 달라진다는 고전의 답을 따라 매일 10분 긍정의 말을 외쳤고, 삶은 놀라운 방향으로 바뀌기 시작했다. 저자의 삶을 한층 밝고 건강한 쪽으로 이끈 것은 다름 아닌 ‘고전’이었다. 나는 누구인가? 어떻게 살아야 하는가? 무엇을 행해야 하는가? 물음이 생길 때마다 고전을 펼쳐 들었고, 고전이 답했다. 칼 구스타프 융의 『칼 융 레드 북』, 블레즈 파스칼의 『팡세』, 사마천의 『사기열전』, 미하이 칙센트미하이의 『몰입 Flow』까지 수백 년의 경험과 지혜가 압축된 고전을 읽다보면 방향이 선명해졌다. 인간관계에 대한 고민에서부터 행복한 삶을 사는 법, 이기는 법까지 우리가 원하는 모든 분야에 대한 답이 고전에 있다. 느리지만, 오로지 ‘성장’이라는 방향으로 나아가는 고전에서 답을 찾아보자."
2025-09-11 21:05,9.79E+12,우리는 언제나 다시 만나,https://contents.kyobobook.co.kr/sih/fit-in/458x0/pdt/9788962478518.jpg,윤여림,위즈덤하우스,2017-07-20,10800,10,국내도서,유아그림책,유아(0~7세),40,"감동적인 한 통의 편지 같은 아름다운 윤여림 작가의 글과 《수박 수영장》의 안녕달 작가의 따뜻하고 정겨운 그림이 빚어낸 그림책 『우리는 언제나 다시 만나』. 아이가 성장하면서 겪는 자연스러운 과정, ‘분리 불안’에 대한 이야기를 담은 가슴 따뜻한 그림책입니다. 엄마가 사라지면 아이가 울면서 불안함을 표현하는 것을 ‘분리 불안’이라고 합니다. 아이마다 시기나 정도의 차이는 있지만, 대부분 2~3세 때 엄마에 대한 애착이 무척 강했다가 차츰 나아져서 친구와도 어울리고, 유치원에도 다니게 됩니다.부모의 보살핌이 절대적으로 필요한 영유아기를 지나면, 아이는 차츰 자기주도성이 생기고 혼자 하는 일들이 많아집니다. 또 청소년기를 지나면 아이의 독립성은 더욱 커지고, 오롯이 한 인간으로 독립하는 순간도 찾아옵니다. 오히려 그 과정에서 아이에게 절대적 사랑을 퍼붓던 부모는 조금씩 서운함과 허전함을 느끼게 되는데, 이때 아이뿐 아니라 부모도 성장합니다. 아이가 한 뼘 자라면, 부모도 한 뼘 자라게 되지요.지금 끊임없이 엄마를 찾는 유아기 아이의 엄마뿐 아니라, 앞으로 태어날 아이를 기다리는 예비 엄마, 어느덧 아이가 자라서 곧 떠나보내야 할 청소년기 아이의 엄마까지 모든 엄마가 사랑하는 아이에게 들려주고 싶은 따뜻한 사랑과 힘찬 응원을 담은 이 책은 아이와 부모 모두 건강하게 분리 불안을 극복하고 서로 자유롭게 사는 모습을 보여주면서, 아이와 부모의 행복하고 아름다운 성장을 응원합니다."
2025-09-11 22:46,9.79117E+12,워런 버핏과 찰리 멍거,https://contents.kyobobook.co.kr/sih/fit-in/458x0/pdt/9791170612971.jpg,워런 버핏,교보문고,2025-08-25,31500,10,국내도서,재테크/금융,경제/경영,636,"지난 수십 년간 매년 5월이 되면 전 세계 수만 명의 투자자가 미국 네브래스카주 오마하로 향했다. 투자의 전설 워런 버핏과 찰리 멍거가 1년에 단 한 번, 5시간 동안 열리는 버크셔 주주총회에서 투자 원칙과 노하우, 시장을 관찰하는 법, 유망 분야에 관한 정보를 아낌없이 말해 주었기 때문이다. 버핏과 멍거의 말은 월스트리트 리포트보다 중요했으며, 단순한 투자 지침을 넘어 중대한 갈림길에서 나침반 역할을 해주는 ‘돈이 되는 가르침’이었다.2023년 11월, 워런 버핏의 절친한 벗이자 버크셔 해서웨이 투자 전략 설계자였던 찰리 멍거가 99세를 일기로 세상을 떠났다. 그리고 2년 뒤 열린 60회 주주총회에서 버핏은 연말에 후임자에게 CEO 자리를 넘겨주겠다며 은퇴를 발표했다. 이렇게 역사상 가장 위대한 두 투자가의 오랜 여정이 막을 내렸다.이제 더는 버핏과 멍거의 생생한 투자 조언을 들을 수 없지만, 최고의 위치에서 물러난 두 전설이 남긴 가르침은 여전히 유효하다. 전문 투자자 알렉스 모리스는 투자와 비즈니스의 보물 창고와 같은 버핏과 멍거의 주주총회 내용을 모두 청취했고, 두 사람의 발언 중 지금도 유효한 조언들을 선별했다. 이 책은 지난 30년간 버핏과 멍거가 주주총회에서 수천 건의 질문에 친절하게 답변한 내용을 주제별로 정리한 것이다.‘60년간 연평균 수익률 20%, 누적 수익률 5,500,000%’라는 압도적인 수익률을 달성하며 투자계의 전설로 자리 잡은 버핏과 멍거. 그들의 성공 비결은 버크셔 해서웨이 주주총회 현장 발언 속에서 찾을 수 있다. 《워런 버핏과 찰리 멍거: 세계 최고의 투자 수업》은 버핏과 멍거의 실전 투자 경험에서 나온 지혜와 통찰력을 한데 모은 것으로, 시간이 흘러도 변하지 않는 투자와 경영의 원칙이 무엇인지 알려준다. 버핏과 멍거의 30년에 걸친 육성이 그대로 담긴 이 책은 실제로 버크셔 해서웨이의 주주총회 현장에 앉아 있는 듯한 생동감과 함께 모든 페이지에서 시대를 초월한 통찰과 흔들리지 않는 부의 법칙을 전달한다. 두 사람의 투자 조언과 경영에 관한 혜안, 삶의 지혜는 투자자와 기업가들에게 부와 성공을 가져다줄 마중물이 될 것이다."
2025-09-11 22:46,9.79119E+12,하늘의 모든 새들,https://contents.kyobobook.co.kr/sih/fit-in/458x0/pdt/9791193078648.jpg,찰리 제인 앤더스,허블,2025-09-10,16200,10,국내도서,영미소설,소설,480,"마거릿 애트우드와 J. K. 롤링의 뒤를 잇는다는 찬사를 받으며 문학성과 대중성을 동시에 인정받은 여성 작가, 찰리 제인 앤더스의 국내 첫 번째 단행본 『하늘은 모든 새들』이 허블에서 출간됐다. 휴고상과 네뷸러상 등 주요 SF문학상을 석권한 앤더스는 《뉴욕 타임스》등 주요 언론으로부터 “SFㆍ판타지 계에서 세대마다 등장하는 부조리주의 문학의 거장”이라는 평을 받았다. 앤더스는 소수자를 배제하는 사회에 내재된 광기 어린 편견을 직면하는 당사자의 심경을 유머 섞인 문장으로 풀어내는 작가로, 그 특성은 『하늘은 모든 새들』에도 선명히 드러난다. 작품은 네뷸러상, 로커스상, 크로퍼드상을 동시에 받고 휴고상 최종 후보에도 올랐으며, 《타임》, 《워싱턴 포스트》, NPR, ‘커커스 리뷰’, ‘허드슨 북셀러스’ 등에서 그해 최고의 소설로 선정됐다. 2020년 《타임》의 “역대 최고의 판타지 소설 100선”에 선정되는 등 지금까지도 꾸준히 사랑받고 있는 작품이다."
2025-09-11 22:46,9.79119E+12,천천히 다정하게: 박웅현의 시 강독,https://contents.kyobobook.co.kr/sih/fit-in/458x0/pdt/9791193740163.jpg,박웅현,인티앤,2025-09-01,17100,10,국내도서,인문학일반,인문,280,"《책은 도끼다》, 《여덟 단어》로 백 만 독자에게 삶의 길잡이가 되어 준 박웅현이 이번에는 ‘시 읽기’로 돌아왔다. 《천천히 다정하게》는 저자가 독자들과 함께한 시 강독회의 기록이자, 시를 통해 얻은 사유와 성찰을 담은 책이다.자신만의 독법으로 책을 세밀하게 읽어 내는 저자는 시를 분석하거나 설명하기보다 시 앞에 천천히 멈춰 서서 다정하게 다가가기를 권한다. 시를 읽을 때는 느린 속도로 읽어야 하고 시인의 바라본 풍경, 시인이 살아온 시대를 떠올리며 읽어야 그 시가 제대로 읽힌다고 말한다. 김사인, 박준, 이문재, 반칠환, 전남진, 황지우 등 자신에게 깊은 울림을 준 시인의 시들을 함께 읽으며, 시 속에 담긴 시대와 풍경, 사랑과 고통, 인생, 위로와 회복의 의미를 풀어낸다.박웅현은 말한다. “시를 읽는 일은 곧 삶을 읽는 일”이라고. 이번 신간 《천천히 다정하게》는 빠르고 바쁘게 흘러가는 시대 속에서 우리가 잃어버린 ‘천천히, 다정하게’ 살아가는 힘에 대해 이야기하는 책이다."
2025-09-11 22:46,9.7912E+12,연의 편지(리커버 한정판 패키지),https://contents.kyobobook.co.kr/sih/fit-in/458x0/pdt/9791196155773.jpg,조현아,손봄북스,2025-10-01,18900,10,국내도서,웹툰/카툰에세이,만화,264,"주인공 소리는 이전 학교에서 겪은 학교 폭력의 후유증으로 새로운 학교에서도 겉돌고 있었으나, 어느 날 책상 안쪽에 붙어 있는 숨겨진 편지를 발견하며 모든 것이 바뀐다. 발신인 불명의 편지는 학교의 지름길, 반 친구들의 얼굴과 이름표, 선생님의 특징을 설명하며 소리가 새 학교에 빨리 적응하면 좋겠다고 응원해 준다."
2025-09-11 22:46,20052340,자음과모음(2025 가을 66호),https://contents.kyobobook.co.kr/sih/fit-in/458x0/pdt/3904000554792.jpg,자음과모음 편집부,자음과모음,2025-09-04,17100,5,국내도서,문학/교양,잡지,536,"오늘날 작가란 무엇이며 또 누구를 가리키는가. 새삼스러운 물음 같지만, 지금 우리가 놓인 시대적 상황에서 피할 수 없는 질문이기도 하다. 한 개인이 자신의 창조성을 발휘해 오리지널리티를 지닌 작품을 만들어내는 일이 예술의 본령이라면, 여전히 그 전통적 의미에 기대고 있는 몇 안 되는 분야가 문학일 것이다. 그러나 누군가의 손끝에서 하나의 세계가 탄생하는 시대는 이미 지나간 듯 보인다. 대부분의 예술 장르는 협업이 일반화되었고, 인공지능의 도래는 ‘저자’라는 개념 자체를 끊임없이 흔들고 있기 때문이다. 이번 『자음과모음』 가을호에서는 이 오래된 문학적 주체, ‘작가’에 관해 다시 묻고자 한다. 수많은 문학이론이 작가로부터 분리된 ‘텍스트’를 강조해왔지만, 작품의 해석과 판단 그리고 책임에 있어 작가를 완전히 지워낼 수는 없었다. 이에 잡지는 최근 한국문학계에서 불거진 작가 관련 이슈들을 비롯해 저자성에 관한 이론적 검토, 인공지능 시대의 새로운 글쓰기 양상 등을 아우르며 오늘의 ‘작가성’을 다각도로 성찰하고자 한다. 이는 단순히 이론적 논쟁을 재현하는 데 그치지 않는다. 작가의 존재가 여전히 문학을 살아 있게 하는 힘인지, 혹은 이제 다른 방식으로 변주되어야 할 개념인지 독자에게 묻고 함께 탐색한다. 문학과 예술의 주체로서의 ‘작가’에 대해, 그것에 내포된 의미와 파동에 대해 생각하는 일은, 문학 안에 있는 우리에게 반드시 필요한 일이라 믿는다."
